Bixi_MTL,America/Montreal,1,Métro Champ-de-Mars (Viger / Sanguinet),6001,45.51016276368593,-73.55663707494385,31
Bixi_MTL,America/Montreal,2,Ste-Catherine / Dezery,6002,45.539385081961676,-73.54099988937377,19
Bixi_MTL,America/Montreal,3,de Ville-Marie / Ste-Catherine,6003,45.55792971727892,-73.52914988994598,15
Bixi_MTL,America/Montreal,4,du Champ-de-Mars / Gosford,6004,45.50965520472071,-73.55400860309601,23
Bixi_MTL,America/Montreal,5,Metcalfe / du Square-Dorchester,6005,45.500208064155046,-73.57113786041737,31
Bixi_MTL,America/Montreal,6,18e avenue / Rosemont,6006,45.55789545752947,-73.5765291005373,31
Bixi_MTL,America/Montreal,7,de l'Hôtel-de-Ville / Ste-Catherine,6007,45.51166045593874,-73.56213569641113,31
Bixi_MTL,America/Montreal,8,Sanguinet / Ste-Catherine,6008,45.51279685582333,-73.56146247242577,27
Bixi_MTL,America/Montreal,9,Crescent / de Maisonneuve,6009,45.49811161443597,-73.57761539518833,23
Bixi_MTL,America/Montreal,10,de Grosbois / Ducheneau,6901,45.611230741550536,-73.5312415660519,15
Bixi_MTL,America/Montreal,11,St-André / St-Antoine,6011,45.51411452790017,-73.55264469981194,27
Bixi_MTL,America/Montreal,12,Métro St-Laurent (de Maisonneuve / St-Laurent),6012,45.51111771998604,-73.56478795420117,49
Bixi_MTL,America/Montreal,13,Sanguinet / de Maisonneuve,6013,45.51340553558378,-73.56259435415267,31
Bixi_MTL,America/Montreal,14,St-Denis / René-Lévesque,6014,45.51287121578035,-73.55846643447876,43
Bixi_MTL,America/Montreal,15,BAnQ (Berri / de Maisonneuve),6015,45.515299,-73.561273,31
Bixi_MTL,America/Montreal,16,Jacques-Le Ber / de la Pointe Nord,6016,45.47268670980455,-73.53971242904662,27
Bixi_MTL,America/Montreal,17,Atateken / du Square Amherst,6017,45.52063377251984,-73.56390595436096,31
Bixi_MTL,America/Montreal,18,St-André / Ontario,6018,45.51889,-73.56353,19
Bixi_MTL,America/Montreal,19,Métro Sherbrooke (de Rigaud / St-Denis),6019,45.51799893773692,-73.56818407773972,23
Bixi_MTL,America/Montreal,20,Sanguinet / Ontario,6020,45.51476724402057,-73.56549113988876,19
Bixi_MTL,America/Montreal,21,Montcalm / Ontario,6902,45.521081043206834,-73.56227517127991,31
Bixi_MTL,America/Montreal,22,de la Commune / Berri,6023,45.51086,-73.54983,51
Bixi_MTL,America/Montreal,23,des Ormeaux / Notre-Dame,6024,45.59926552299961,-73.51226069033146,27
Bixi_MTL,America/Montreal,24,Notre-Dame / St-Gabriel,6025,45.50714391928411,-73.55511903762817,15
Bixi_MTL,America/Montreal,25,de la Commune / Place Jacques-Cartier,6026,45.50761009451047,-73.55183601379395,81
Bixi_MTL,America/Montreal,26,de Maisonneuve / Mansfield (sud),6027,45.502053864057466,-73.57346534729004,23
Bixi_MTL,America/Montreal,28,Bourget / St-Jacques,6029,45.48084576334506,-73.58386158943176,19
Bixi_MTL,America/Montreal,30,St-Antoine / St-François-Xavier,6031,45.50459069556304,-73.55918794870377,15
Bixi_MTL,America/Montreal,31,Métro Place-d'Armes (Viger / St-Urbain),6032,45.50623,-73.55976,29
Bixi_MTL,America/Montreal,32,16e avenue / Beaubien,6033,45.55828063767652,-73.58315885066986,15
Bixi_MTL,America/Montreal,34,Viger / Chenneville,6035,45.50531166520915,-73.56089115142822,38
Bixi_MTL,America/Montreal,35,de la Commune / St-Sulpice,6036,45.50424245563397,-73.553469479084,43
Bixi_MTL,America/Montreal,36,St-Nicolas / Place d'Youville,6037,45.501966859101564,-73.55515256524086,15
Bixi_MTL,America/Montreal,37,McGill / Place d'Youville,6038,45.49975,-73.55566,23
Bixi_MTL,America/Montreal,38,McGill / des Récollets,6039,45.500779,-73.558826,23
Bixi_MTL,America/Montreal,39,St-Jacques / St-Pierre,6040,45.50278649802565,-73.55913430452347,23
Bixi_MTL,America/Montreal,40,St-Jacques / McGill,6041,45.50144108135568,-73.56014415621758,31
Bixi_MTL,America/Montreal,41,de la Gauchetière / Robert-Bourassa,6042,45.50060578095098,-73.56544822454453,27
Bixi_MTL,America/Montreal,42,Square Victoria (Viger / du Square-Victoria),6043,45.50206,-73.56295,19
Bixi_MTL,America/Montreal,43,Roy / St-André,6044,45.521564270906616,-73.57036739587784,23
Bixi_MTL,America/Montreal,45,Métro Bonaventure (de la Gauchetière / de la Cathédrale),6046,45.49831217703312,-73.56725603342056,47
Bixi_MTL,America/Montreal,46,Milton / Durocher,6204,45.508140959417744,-73.57492983341217,27
Bixi_MTL,America/Montreal,47,William / St-Henri,6048,45.49891911390352,-73.55725407600403,19
Bixi_MTL,America/Montreal,48,Queen / Wellington,6049,45.49760527699099,-73.55534970760345,43
Bixi_MTL,America/Montreal,49,St-Maurice / Robert-Bourassa,6050,45.498577791020146,-73.56024205684662,39
Bixi_MTL,America/Montreal,50,St-Dominique / de Bellechasse,6051,45.529640980897206,-73.60492341242207,23
Bixi_MTL,America/Montreal,51,McGill / de la Commune,6052,45.49880662577729,-73.55310201644897,15
Bixi_MTL,America/Montreal,52,du Président-Kennedy / Jeanne-Mance,6053,45.508204615051355,-73.56881439685822,27
Bixi_MTL,America/Montreal,55,Peel / de la Gauchetiere,6057,45.4977183451679,-73.5681800544262,19
Bixi_MTL,America/Montreal,56,Cypress / Peel,6058,45.49932551028458,-73.57176750898361,23
Bixi_MTL,America/Montreal,57,de la Cathédrale / René-Lévesque,6059,45.499191207076606,-73.56942057609558,55
Bixi_MTL,America/Montreal,58,St-Urbain / René-Lévesque,6060,45.507837541505836,-73.56313616037369,33
Bixi_MTL,America/Montreal,59,Mansfield / Ste-Catherine,6061,45.501398709321506,-73.57178628444672,3
Bixi_MTL,America/Montreal,60,Drummond / Ste-Catherine,6062,45.49863930330429,-73.57422709465027,31
Bixi_MTL,America/Montreal,61,Drummond / de Maisonneuve,6063,45.49947,-73.57591,43
Bixi_MTL,America/Montreal,62,Métro Peel (de Maisonneuve / Stanley),6064,45.50038,-73.57507,57
Bixi_MTL,America/Montreal,63,de la Montagne / Sherbrooke,6065,45.499744750433784,-73.57903361320496,3
Bixi_MTL,America/Montreal,64,Bassin Olympique,6067,45.517022060653076,-73.52732062339783,19
Bixi_MTL,America/Montreal,65,2e avenue / Jean-Rivard,6068,45.562509038048915,-73.61656039953232,31
Bixi_MTL,America/Montreal,67,University / Milton,6070,45.506511175399844,-73.57666924595833,31
Bixi_MTL,America/Montreal,68,de Maisonneuve / Aylmer (ouest),6073,45.50506300133646,-73.57068121433258,37
Bixi_MTL,America/Montreal,69,Notre-Dame-de-Grâce / Westmount,6076,45.48047010732975,-73.61121609807014,15
Bixi_MTL,America/Montreal,71,St-Alexandre / St-Edward,6078,45.50510814306401,-73.56708700775926,23
Bixi_MTL,America/Montreal,72,Métro Vendôme (de Marlowe / de Maisonneuve),6080,45.47393028235147,-73.60473453998564,31
Bixi_MTL,America/Montreal,73,Mackay / Ste-Catherine,6081,45.49570931691902,-73.5769522190094,31
Bixi_MTL,America/Montreal,74,5e avenue / Rosemont,6082,45.54990048023633,-73.58308374881744,19
Bixi_MTL,America/Montreal,75,Cathcart / Union,6083,45.50329524152786,-73.56848649680613,39
Bixi_MTL,America/Montreal,76,Duke / Brennan,6084,45.495581350533946,-73.55371087789534,31
Bixi_MTL,America/Montreal,77,Notre-Dame / Jean-d'Estrées,6085,45.49425983677146,-73.56381811201572,47
Bixi_MTL,America/Montreal,78,Henri-Julien / du Carmel,6089,45.527839413108,-73.59482109546661,27
Bixi_MTL,America/Montreal,79,Métro Lucien-L'Allier  (Lucien l'Allier / Argyle),6090,45.49487159597493,-73.57112377882004,17
Bixi_MTL,America/Montreal,80,Joseph-Manseau / René-Lévesque,6091,45.491686521008035,-73.57676714658737,19
Bixi_MTL,America/Montreal,81,Lucien-L'Allier / René-Lévesque,6092,45.49565185546529,-73.57296109199524,27
Bixi_MTL,America/Montreal,82,Métro Beaubien (de Chateaubriand / Beaubien),6912,45.5353599615622,-73.60363483428955,23
Bixi_MTL,America/Montreal,83,Métro Atwater (Atwater / Ste-Catherine),6194,45.48947622882084,-73.58456566929817,27
Bixi_MTL,America/Montreal,84,Chomedey / de Maisonneuve,6095,45.491800276787224,-73.58400642871855,27
Bixi_MTL,America/Montreal,85,Lucien L'Allier / St-Jacques,6096,45.49356916133978,-73.56857568025589,23
Bixi_MTL,America/Montreal,86,Jeanne-d'Arc / St-Joseph,6097,45.556283054184135,-73.56289476156235,15
Bixi_MTL,America/Montreal,87,Bishop / Ste-Catherine,6098,45.496583295698706,-73.5765016078949,3
Bixi_MTL,America/Montreal,88,Ste-Catherine / Labelle,6099,45.515103391493575,-73.55930088093373,23
Bixi_MTL,America/Montreal,89,Mackay / de Maisonneuve,6100,45.49682986230046,-73.57913017272949,31
Bixi_MTL,America/Montreal,90,Métro Villa-Maria (de Monkland / Décarie),6101,45.4789683985657,-73.61959934234618,15
Bixi_MTL,America/Montreal,91,Lincoln / du Fort,6102,45.493034,-73.583836,15
Bixi_MTL,America/Montreal,92,Lespérance / de Rouen,6103,45.53881453102766,-73.55267778049893,27
Bixi_MTL,America/Montreal,93,Wolfe / René-Lévesque,6104,45.51681750463149,-73.5541883111,31
Bixi_MTL,America/Montreal,94,Plessis / René-Lévesque,6105,45.51937252291976,-73.55195805430411,19
Bixi_MTL,America/Montreal,95,Papineau / René-Lévesque,6106,45.52114,-73.54926,25
Bixi_MTL,America/Montreal,96,St-Mathieu / Ste-Catherine,6107,45.49367956421703,-73.57914626598358,23
Bixi_MTL,America/Montreal,97,Logan / Fullum,6108,45.52836601591233,-73.55117082595825,19
Bixi_MTL,America/Montreal,98,Parc Plage,6109,45.50265866521738,-73.52753520011902,23
Bixi_MTL,America/Montreal,99,Poupart / Ste-Catherine,6110,45.52900206660643,-73.54619935154915,19
Bixi_MTL,America/Montreal,100,Parthenais / Ste-Catherine,6111,45.52600589494234,-73.54886412620544,31
Bixi_MTL,America/Montreal,101,Montcalm / de Maisonneuve,6112,45.519139183741046,-73.55786561965942,19
Bixi_MTL,America/Montreal,102,Alexandre-DeSève / Ste-Catherine,6113,45.52123044585842,-73.55386108160019,19
Bixi_MTL,America/Montreal,103,Métro Papineau (Cartier / Ste-Catherine),6114,45.52353,-73.55199,25
Bixi_MTL,America/Montreal,104,Sherbrooke / Vignal,6115,45.48999801978288,-73.58942717313766,19
Bixi_MTL,America/Montreal,105,Plessis / Ontario,6116,45.52349210923463,-73.56073021888733,15
Bixi_MTL,America/Montreal,106,de Maisonneuve / Aylmer (est),6117,45.50538591756765,-73.5704317688942,13
Bixi_MTL,America/Montreal,107,de Champlain / Ontario,6118,45.52510954917077,-73.56020584702492,19
Bixi_MTL,America/Montreal,108,Dorion / Ontario,6119,45.526991277453526,-73.55821162462234,39
Bixi_MTL,America/Montreal,109,Métro Frontenac (Ontario / du Havre),6120,45.533705987798946,-73.55217933654784,23
Bixi_MTL,America/Montreal,110,du Havre / de Rouen,6121,45.53456256501449,-73.55478646466509,27
Bixi_MTL,America/Montreal,111,Parthenais / Ontario,6122,45.52940536215913,-73.55591325094791,11
Bixi_MTL,America/Montreal,112,Plessis / Logan,6123,45.52176753809887,-73.55710253119469,11
Bixi_MTL,America/Montreal,113,Poupart / Ontario,6124,45.53193889278052,-73.55343863368034,27
Bixi_MTL,America/Montreal,114,Ellendale / de la Côte-des-Neiges,6125,45.499757,-73.629298,27
Bixi_MTL,America/Montreal,115,de Rouen / Fullum,6126,45.532163217578436,-73.55854287743568,23
Bixi_MTL,America/Montreal,116,Henri-Julien / de Castelnau,6127,45.53789110878484,-73.6182153224945,23
Bixi_MTL,America/Montreal,117,Hogan / Ontario,6128,45.535295480380306,-73.55116009712219,11
Bixi_MTL,America/Montreal,118,Sherbrooke / Frontenac,6130,45.5367,-73.56081,15
Bixi_MTL,America/Montreal,119,Fullum / Sherbrooke,6131,45.533924,-73.562425,39
Bixi_MTL,America/Montreal,120,Chapleau / Terrasse Mercure,6133,45.53673838509649,-73.56516659259796,19
Bixi_MTL,America/Montreal,121,de Bordeaux / Sherbrooke,6129,45.52997069129102,-73.56305301189423,15
Bixi_MTL,America/Montreal,122,Ste-Famille / Sherbrooke,6202,45.51007154847701,-73.57075229287146,39
Bixi_MTL,America/Montreal,123,University / Prince-Arthur,6047,45.507401678946415,-73.57844352722168,39
Bixi_MTL,America/Montreal,124,Hutchison / Prince-Arthur,6079,45.50975858607626,-73.57610732316971,23
Bixi_MTL,America/Montreal,125,William-Tremblay / Molson,6022,45.541719808901306,-73.56517732143402,23
Bixi_MTL,America/Montreal,126,Atwater / Sherbrooke,6093,45.4912258547597,-73.58763009309769,23
Bixi_MTL,America/Montreal,127,Drolet / Beaubien,6913,45.533348,-73.605834,27
Bixi_MTL,America/Montreal,128,de Gaspé / Beaubien,6915,45.531957916826386,-73.60700100660324,19
Bixi_MTL,America/Montreal,129,Parc du Pélican (2e avenue / St-Joseph),6916,45.544513,-73.571564,19
Bixi_MTL,America/Montreal,130,Marquette / des Carrières,6918,45.53879934493943,-73.58870029449461,31
Bixi_MTL,America/Montreal,131,Marquette / Jean-Talon,6923,45.54740777921938,-73.60766887664795,15
Bixi_MTL,America/Montreal,132,Louis-Hémon / Jean-Talon,6925,45.5517742671765,-73.60347837231528,15
Bixi_MTL,America/Montreal,133,Metcalfe / de Maisonneuve,6072,45.50171494932855,-73.57413053512573,23
Bixi_MTL,America/Montreal,134,Drolet / Marie-Anne,6075,45.522402573414084,-73.58117669820786,23
Bixi_MTL,America/Montreal,135,Bercy / Rachel,6134,45.53840340979245,-73.56196403503418,11
Bixi_MTL,America/Montreal,136,Larivière / de Lorimier,6132,45.5291345371163,-73.55923354625702,35
Bixi_MTL,America/Montreal,137,Métro Laurier (Rivard / Laurier),6136,45.52761627,-73.5891147,19
Bixi_MTL,America/Montreal,138,Gauthier / Papineau,6137,45.52966629503036,-73.56733649969101,19
Bixi_MTL,America/Montreal,139,Gauthier / de Lorimier,6138,45.5316746986144,-73.5653704404831,11
Bixi_MTL,America/Montreal,140,Gauthier / Parthenais,6139,45.53292625574653,-73.56377989053726,15
Bixi_MTL,America/Montreal,141,Marquette / Rachel,6140,45.5298015824607,-73.5702896118164,15
Bixi_MTL,America/Montreal,142,des Érables / Rachel,6141,45.53354753725336,-73.5668671131134,19
Bixi_MTL,America/Montreal,143,Calixa-Lavallée / Rachel,6142,45.527794785525096,-73.57193917036057,31
Bixi_MTL,America/Montreal,144,Rachel / de Brébeuf,6143,45.52689,-73.57264,29
Bixi_MTL,America/Montreal,145,du Parc-La Fontaine / Duluth,6145,45.52451761488783,-73.57197672128677,23
Bixi_MTL,America/Montreal,146,du Parc-La Fontaine / Roy,6146,45.52286653749578,-73.56837719678879,23
Bixi_MTL,America/Montreal,147,Calixa-Lavallée / Sherbrooke,6147,45.52479,-73.56545,23
Bixi_MTL,America/Montreal,148,Émile-Duployé / Sherbrooke,6148,45.52782062255108,-73.56595113873482,27
Bixi_MTL,America/Montreal,149,Chapleau / du Mont-Royal,6149,45.53867,-73.56936,19
Bixi_MTL,America/Montreal,150,Messier / du Mont-Royal,6150,45.53711414,-73.5710031,19
Bixi_MTL,America/Montreal,151,des Érables / du Mont-Royal,6151,45.53585348307891,-73.5720545053482,23
Bixi_MTL,America/Montreal,152,Chabot / du Mont-Royal,6152,45.53418509490266,-73.57358872890472,23
Bixi_MTL,America/Montreal,153,Cartier / Marie-Anne,6153,45.532674,-73.571776,19
Bixi_MTL,America/Montreal,154,Marquette / du Mont-Royal,6154,45.53229,-73.57544,19
Bixi_MTL,America/Montreal,155,Garnier / du Mont-Royal,6155,45.53092,-73.57674,31
Bixi_MTL,America/Montreal,156,Marie-Anne / de la Roche,6156,45.52775814390426,-73.57618510723114,19
Bixi_MTL,America/Montreal,157,de Brébeuf / du Mont-Royal,6157,45.52940777616881,-73.57815384864807,23
Bixi_MTL,America/Montreal,158,Gilford / de Brébeuf,6158,45.53081622781595,-73.58162596821785,19
Bixi_MTL,America/Montreal,159,Ann / Wellington,6159,45.49452705626516,-73.55675250291823,15
Bixi_MTL,America/Montreal,160,Garnier / St-Joseph,6160,45.5329774553515,-73.58122229576111,23
Bixi_MTL,America/Montreal,161,Cartier / St-Joseph,6161,45.53582823686429,-73.57869029045105,19
Bixi_MTL,America/Montreal,162,Henri-Julien / de Bellechasse,6162,45.53158177971337,-73.60312254284509,35
Bixi_MTL,America/Montreal,163,Marquette / Laurier,6163,45.53543,-73.5822,27
Bixi_MTL,America/Montreal,164,de Lanaudière / Laurier,6164,45.5333136054992,-73.58373686671257,19
Bixi_MTL,America/Montreal,165,Laurier / de Brébeuf,6165,45.532513956311426,-73.58481109142303,31
Bixi_MTL,America/Montreal,166,de Mentana / St-Grégoire,6166,45.5318548111181,-73.59078571200371,23
Bixi_MTL,America/Montreal,167,Gilford / Parthenais,6167,45.53783932655299,-73.57483863830566,7
Bixi_MTL,America/Montreal,168,Marmier / St-Denis,6168,45.530763411514265,-73.59849438071251,23
Bixi_MTL,America/Montreal,169,Boyer / du Mont-Royal,6169,45.527432126380575,-73.57991673052311,27
Bixi_MTL,America/Montreal,170,de Mentana / Laurier,6170,45.53045006508681,-73.58763813972473,23
Bixi_MTL,America/Montreal,171,Wolfe / Robin,6171,45.51958082831579,-73.5601159930229,23
Bixi_MTL,America/Montreal,173,Berri / Cherrier,6173,45.51908844137639,-73.56950908899307,19
Bixi_MTL,America/Montreal,174,Roy / St-Denis,6174,45.51908,-73.5727,23
Bixi_MTL,America/Montreal,175,St-Christophe / Cherrier,6175,45.52036826259537,-73.56842279434204,35
Bixi_MTL,America/Montreal,176,de Mentana / Rachel,6176,45.524963239803235,-73.57555881142616,19
Bixi_MTL,America/Montreal,177,St-Hubert / Duluth,6177,45.522425652788634,-73.57418417930603,15
Bixi_MTL,America/Montreal,178,Rivard / Rachel,6178,45.5222776,-73.5775906,19
Bixi_MTL,America/Montreal,179,Duluth / St-Denis,6179,45.52088694836773,-73.57571840286255,23
Bixi_MTL,America/Montreal,180,des Soeurs-Grises / Marguerite-d'Youville,6180,45.49876479520566,-73.55447664856909,39
Bixi_MTL,America/Montreal,181,Clark / Rachel,6181,45.5173538,-73.58212888,27
Bixi_MTL,America/Montreal,182,de Bullion / du Mont-Royal,6182,45.5216837606738,-73.58514904975891,15
Bixi_MTL,America/Montreal,183,Laval / du Mont-Royal,6183,45.5223645775784,-73.58414590358734,19
Bixi_MTL,America/Montreal,184,Métro Mont-Royal (Rivard / du Mont-Royal),6184,45.524673,-73.58255,35
Bixi_MTL,America/Montreal,185,des Érables / Bélanger,6185,45.54912085535069,-73.60087350010872,15
Bixi_MTL,America/Montreal,186,St-Hubert / Laurier,6186,45.52931012171625,-73.58865737915039,15
Bixi_MTL,America/Montreal,187,Resther / du Mont-Royal,6187,45.52562819123256,-73.58177483081818,23
Bixi_MTL,America/Montreal,188,de Mentana / Marie-Anne,6188,45.526026565221414,-73.57785880565643,31
Bixi_MTL,America/Montreal,189,Chabot / Villeray,6189,45.552289376429215,-73.61300647258759,11
Bixi_MTL,America/Montreal,190,Pontiac / Gilford,6190,45.527009334270645,-73.58576595783234,23
Bixi_MTL,America/Montreal,191,Clark / St-Zotique,6191,45.53161102055944,-73.61334979534149,15
Bixi_MTL,America/Montreal,192,Boucher / St-Denis,6192,45.52784917538704,-73.59186127781868,19
Bixi_MTL,America/Montreal,193,de l'Esplanade / Fairmount,6193,45.521495731487576,-73.5968267172575,15
Bixi_MTL,America/Montreal,194,de Gaspé / Laurier,6094,45.524929150811055,-73.59148979187012,19
Bixi_MTL,America/Montreal,195,de Bullion / St-Joseph,6195,45.5240365462478,-73.59014332294464,31
Bixi_MTL,America/Montreal,196,Villeneuve / St-Laurent,6196,45.52134173413233,-73.58941912651062,19
Bixi_MTL,America/Montreal,197,de Bordeaux / Masson,6197,45.53898439552301,-73.5824453830719,19
Bixi_MTL,America/Montreal,198,Hélène-Baillargeon / St-Denis,6198,45.52974,-73.59527,23
Bixi_MTL,America/Montreal,199,St-Viateur / St-Laurent,6199,45.52593073022709,-73.59883904457092,23
Bixi_MTL,America/Montreal,200,Maguire / St-Laurent,6200,45.524628485592636,-73.5958108305931,23
Bixi_MTL,America/Montreal,201,Villeneuve / de l'Hôtel-de-Ville,6201,45.52354419830203,-73.58733236789703,23
Bixi_MTL,America/Montreal,202,Aylmer / Sherbrooke,6203,45.50658668914343,-73.57329905033112,23
Bixi_MTL,America/Montreal,203,Milton / du Parc,6205,45.50936142835129,-73.57386365532875,31
Bixi_MTL,America/Montreal,204,Prince-Arthur / du Parc,6206,45.51059,-73.57547,35
Bixi_MTL,America/Montreal,205,Ste-Famille / des Pins,6207,45.51283174510449,-73.57688784599304,15
Bixi_MTL,America/Montreal,206,Hutchison / des Pins,6208,45.51069,-73.57805,23
Bixi_MTL,America/Montreal,207,Milton / Clark,6209,45.51254135285248,-73.57067719101906,23
Bixi_MTL,America/Montreal,208,Métro Sauvé (Berri / Sauvé),6210,45.550692068419764,-73.65636706352234,26
Bixi_MTL,America/Montreal,209,Roy / St-Laurent,6211,45.515616239398405,-73.57580825686453,27
Bixi_MTL,America/Montreal,210,Duluth / de l'Esplanade,6212,45.51509198406273,-73.58114182949066,23
Bixi_MTL,America/Montreal,211,Duluth / St-Laurent,6213,45.51704555335694,-73.57929646968842,15
Bixi_MTL,America/Montreal,212,Square St-Louis (du Square St-Louis / Laval),6214,45.516090801970655,-73.5701286792755,31
Bixi_MTL,America/Montreal,213,Metcalfe / St-Catherine,6215,45.50083231626815,-73.57245951890945,43
Bixi_MTL,America/Montreal,214,Parc Jeanne Mance (monument sir George-Etienne Cartier),6216,45.514839858968934,-73.58477890491486,39
Bixi_MTL,America/Montreal,215,Vallières / St-Laurent,6217,45.518967223320054,-73.5836161673069,23
Bixi_MTL,America/Montreal,216,de l'Hôtel-de-Ville / Roy,6219,45.51740076184449,-73.57460528612137,23
Bixi_MTL,America/Montreal,217,Laval / Duluth,6220,45.519216236873945,-73.57718020677567,27
Bixi_MTL,America/Montreal,218,du Mont-Royal / Clark,6221,45.51941,-73.58685,27
Bixi_MTL,America/Montreal,219,de l'Esplanade / du Mont-Royal,6222,45.51825290855221,-73.5883381962776,23
Bixi_MTL,America/Montreal,220,du Mont-Royal / du Parc,6223,45.517,-73.589,33
Bixi_MTL,America/Montreal,221,Villeneuve / du Parc,6224,45.51829,-73.59235,15
Bixi_MTL,America/Montreal,222,Villeneuve / St-Urbain,6225,45.520188,-73.590559,19
Bixi_MTL,America/Montreal,223,Hôpital Maisonneuve-Rosemont (Rosemont / Chatelain),6226,45.575707,-73.561562,65
Bixi_MTL,America/Montreal,224,Jeanne-Mance / Laurier,6227,45.52027633320609,-73.59497621666378,15
Bixi_MTL,America/Montreal,225,St-Dominique / du Mont-Royal,6229,45.52055948154798,-73.58582027256489,23
Bixi_MTL,America/Montreal,226,Waverly / St-Viateur,6230,45.5238561444472,-73.60012650489807,19
Bixi_MTL,America/Montreal,227,Jeanne-Mance / St-Viateur,6231,45.523026476635074,-73.60184043645859,23
Bixi_MTL,America/Montreal,228,Bernard / St-Urbain,6234,45.52626688601944,-73.60319092869759,19
Bixi_MTL,America/Montreal,229,St-Dominique / St-Viateur,6235,45.52655700191558,-73.5982757806778,31
Bixi_MTL,America/Montreal,230,Laurier / de Bordeaux,6236,45.537229913030565,-73.57918716967106,23
Bixi_MTL,America/Montreal,232,Gilford / de Lanaudière,6237,45.53200800170645,-73.58044445514679,15
Bixi_MTL,America/Montreal,233,St-Dominique / Napoléon,6903,45.51666442219882,-73.57722043991089,27
Bixi_MTL,America/Montreal,234,de Bordeaux / Jean-Talon,6924,45.54975479298636,-73.60556602478027,15
Bixi_MTL,America/Montreal,236,Parc Kent (de Kent / Hudson),6240,45.5057209331225,-73.62945914268494,27
Bixi_MTL,America/Montreal,237,Querbes / Laurier,6241,45.51753998795678,-73.59783187508583,15
Bixi_MTL,America/Montreal,239,Bloomfield / Bernard,6243,45.520457830261705,-73.6082723736763,15
Bixi_MTL,America/Montreal,241,Bloomfield / Van Horne,6245,45.522745298216094,-73.61328139901161,19
Bixi_MTL,America/Montreal,242,Métro Outremont (Wiseman / Van Horne),6246,45.52027053865367,-73.61484915018082,20
Bixi_MTL,America/Montreal,243,St-Dominique / St-Zotique,6247,45.53226461018495,-73.6110632121563,31
Bixi_MTL,America/Montreal,244,St-Dominique / Rachel,6248,45.518593,-73.581566,31
Bixi_MTL,America/Montreal,245,Bélanger / St-Denis,6249,45.53696,-73.61199,23
Bixi_MTL,America/Montreal,246,Marché Jean-Talon (Henri-Julien / Jean-Talon),6250,45.53678525128436,-73.6148879583925,19
Bixi_MTL,America/Montreal,247,de Gaspé / Dante,6251,45.53429782539273,-73.61217230558395,23
Bixi_MTL,America/Montreal,248,Mozart / St-Laurent,6252,45.53318,-73.61544,15
Bixi_MTL,America/Montreal,249,Métro Jean-Talon (Berri / Jean-Talon),6253,45.53900036432657,-73.6142510175705,19
Bixi_MTL,America/Montreal,250,Boyer / Bélanger,6254,45.54006,-73.60897,23
Bixi_MTL,America/Montreal,251,Boyer / St-Zotique,6255,45.53848,-73.60556,19
Bixi_MTL,America/Montreal,253,de St-Vallier / St-Zotique,6257,45.536434338630336,-73.60783427975548,19
Bixi_MTL,America/Montreal,254,Parc Père-Marquette (Chambord / Rosemont),6258,45.537087833013324,-73.59321847558022,39
Bixi_MTL,America/Montreal,255,des Érables / Dandurand,6259,45.54136941134102,-73.58397401874754,23
Bixi_MTL,America/Montreal,256,Cartier / Dandurand,6260,45.53923559055867,-73.58594566583633,23
Bixi_MTL,America/Montreal,257,Louis-Hémon / Rosemont,6261,45.54459855947176,-73.58822286128998,19
Bixi_MTL,America/Montreal,258,de la Roche /  de Bellechasse,6262,45.537159225331315,-73.59747648239136,15
Bixi_MTL,America/Montreal,259,de Hampton / de Monkland,6263,45.47117930747152,-73.6270022392273,15
Bixi_MTL,America/Montreal,260,Chabot / de Bellechasse,6264,45.5425697477813,-73.59214425086974,15
Bixi_MTL,America/Montreal,261,Parthenais / Laurier,6265,45.539258526059406,-73.5774591565132,27
Bixi_MTL,America/Montreal,262,Louis-Hébert / de Bellechasse,6266,45.546661109634606,-73.58868420124054,27
Bixi_MTL,America/Montreal,263,Chabot / Beaubien,6267,45.544375546398065,-73.59564453363419,15
Bixi_MTL,America/Montreal,264,Chambord / Beaubien,6268,45.539932183126695,-73.59934329986572,15
Bixi_MTL,America/Montreal,265,Wurtele / de Rouen,6269,45.537627813487596,-73.5533943772316,15
Bixi_MTL,America/Montreal,266,Fabre / St-Zotique,6270,45.54345172630376,-73.60101029276848,19
Bixi_MTL,America/Montreal,267,St-Jean-Baptiste / Notre-Dame,6271,45.640002860465096,-73.49011301994324,19
Bixi_MTL,America/Montreal,268,de Bordeaux / St-Zotique,6272,45.546539011777845,-73.59866470098495,19
Bixi_MTL,America/Montreal,269,Cartier / Bélanger,6273,45.546797412794085,-73.60266387462616,23
Bixi_MTL,America/Montreal,270,Christophe-Colomb / St-Joseph,6274,45.53036486555959,-73.58439266681671,19
Bixi_MTL,America/Montreal,271,Chambord / Jean-Talon,6275,45.54484558108033,-73.61053615808486,15
Bixi_MTL,America/Montreal,272,de la Roche / Bélanger,6276,45.541669595766315,-73.60760450363159,23
Bixi_MTL,America/Montreal,273,Louis-Hébert / St-Zotique,6278,45.55001,-73.59576,15
Bixi_MTL,America/Montreal,274,Louis-Hébert / Bélanger,6279,45.55158518908433,-73.59916493296623,19
Bixi_MTL,America/Montreal,275,Fabre / Beaubien,6904,45.5420595590383,-73.59787344932556,19
Bixi_MTL,America/Montreal,276,Fullum / Holt,6905,45.54391953154915,-73.58424894533528,31
Bixi_MTL,America/Montreal,277,Métro Rosemont (de St-Vallier / Rosemont),6906,45.5319548635849,-73.59816044569016,23
Bixi_MTL,America/Montreal,278,Boyer / Rosemont,6907,45.534136,-73.595478,31
Bixi_MTL,America/Montreal,279,de Bellechasse / de St-Vallier,6908,45.53341043363302,-73.60112428665161,15
Bixi_MTL,America/Montreal,280,Augustin-Cantin / Shearer,6921,45.48390169543355,-73.56363236904144,31
Bixi_MTL,America/Montreal,281,Marie-Anne / St-Hubert,6926,45.5246829812827,-73.5788968205452,19
Bixi_MTL,America/Montreal,282,Édouard-Montpetit / de Stirling,6927,45.50723,-73.615085,19
Bixi_MTL,America/Montreal,283,Jean-Brillant / McKenna,6928,45.49876714523858,-73.61886978149414,22
Bixi_MTL,America/Montreal,284,Waverly / Van Horne,6228,45.527363,-73.607723,19
Bixi_MTL,America/Montreal,285,Hutchison / Van Horne,6232,45.52494189381313,-73.61060589551926,23
Bixi_MTL,America/Montreal,286,Jeanne-Mance / Bernard,6233,45.52445043465102,-73.6051744222641,15
Bixi_MTL,America/Montreal,287,Basile-Routhier / Chabanel,6917,45.549868431421636,-73.64765658974648,15
Bixi_MTL,America/Montreal,288,10e avenue / Holt,6919,45.55191156229252,-73.57921119790262,15
Bixi_MTL,America/Montreal,289,Boyer / Beaubien,6910,45.537041,-73.602026,23
Bixi_MTL,America/Montreal,290,des Bassins / du Séminaire,6086,45.490564594807374,-73.56033325195312,27
Bixi_MTL,America/Montreal,291,Notre-Dame / de la Montagne,6087,45.49302901258371,-73.56481790542603,35
Bixi_MTL,America/Montreal,292,Guy / Notre-Dame,6088,45.49004220726396,-73.56711119413376,27
Bixi_MTL,America/Montreal,293,Louis-Hébert / Beaubien,6277,45.5481863712796,-73.592010140419,19
Bixi_MTL,America/Montreal,294,St-Dominique / Laurier,6280,45.52361490311454,-73.59245739877223,23
Bixi_MTL,America/Montreal,297,Métro Charlevoix (Centre / Charlevoix),10002,45.47822787309145,-73.56965124607086,23
Bixi_MTL,America/Montreal,301,des Seigneurs / Notre-Dame,6401,45.48772278774177,-73.5690826177597,22
Bixi_MTL,America/Montreal,302,Ste-Émilie / Sir-Georges-Etienne-Cartier,6402,45.47266800851548,-73.585389778018,23
Bixi_MTL,America/Montreal,303,Georges-Vanier / Notre-Dame,6403,45.485047979822774,-73.5719633102417,19
Bixi_MTL,America/Montreal,304,Quesnel / Vinet,6404,45.485889,-73.577514,19
Bixi_MTL,America/Montreal,305,Duvernay / Charlevoix,6405,45.4820980397155,-73.57487618923187,19
Bixi_MTL,America/Montreal,306,Marché Atwater,6406,45.48020822800015,-73.57759863138199,33
Bixi_MTL,America/Montreal,307,Charlevoix / Lionel-Groulx,6407,45.48392802,-73.57731164,23
Bixi_MTL,America/Montreal,308,Métro Georges-Vanier (St-Antoine / Canning),6408,45.4891,-73.57656,17
Bixi_MTL,America/Montreal,309,Laval / Rachel,6307,45.52017845247635,-73.57942387461662,19
Bixi_MTL,America/Montreal,311,4e avenue / de Verdun,6309,45.4568844514464,-73.57260704040527,15
Bixi_MTL,America/Montreal,312,de Soissons / de Darlington,6310,45.50689914049937,-73.623526096344,31
Bixi_MTL,America/Montreal,313,Bel Air / St-Antoine,6313,45.4824297233159,-73.58367975812143,19
Bixi_MTL,America/Montreal,314,de Kent / de la Côte-des-Neiges,6312,45.50144933057703,-73.63305062055588,39
Bixi_MTL,America/Montreal,315,Drolet / St-Zotique,6311,45.53488214147823,-73.60941231250763,19
Bixi_MTL,America/Montreal,316,de Lanaudière / Marie-Anne,6314,45.52932643090091,-73.57480645179749,19
Bixi_MTL,America/Montreal,317,Jean-Brillant / de la Côte-des-Neiges,6315,45.49541495854606,-73.62234055995941,23
Bixi_MTL,America/Montreal,318,Swail / Decelles,6316,45.49705494399436,-73.61865252256392,27
Bixi_MTL,America/Montreal,319,Bourbonnière / du Mont-Royal,6383,45.55357073967113,-73.56049418449402,27
Bixi_MTL,America/Montreal,320,de Bordeaux / Gilford,6385,45.53611005443118,-73.5762870311737,23
Bixi_MTL,America/Montreal,321,Métro Préfontaine (Moreau / Hochelaga),6386,45.54121552219671,-73.55371356010437,31
Bixi_MTL,America/Montreal,322,Métro Joliette  (Joliette / Hochelaga),6387,45.54690718297082,-73.5515570640564,19
Bixi_MTL,America/Montreal,323,d'Orléans / Hochelaga,6388,45.55061693669672,-73.54901432991028,19
Bixi_MTL,America/Montreal,324,Boyer / Jean-Talon,6389,45.54158631132448,-73.61248075962067,23
Bixi_MTL,America/Montreal,325,Aylwin / Ontario,6391,45.54430308703469,-73.5454724729061,15
Bixi_MTL,America/Montreal,327,Dézéry / Ontario,6393,45.54095791741757,-73.54702949523926,19
Bixi_MTL,America/Montreal,328,Valois / Ontario,6394,45.54704806416695,-73.54344606399536,19
Bixi_MTL,America/Montreal,329,Métro Viau (Pierre-de-Coubertin / Viau),6395,45.561782815423854,-73.54661107063293,51
Bixi_MTL,America/Montreal,330,Marché Maisonneuve,6397,45.55321884238814,-73.53978216648102,22
Bixi_MTL,America/Montreal,331,Desjardins / Ontario,6398,45.5511918874866,-73.54087248444557,23
Bixi_MTL,America/Montreal,332,Guizot / St-Laurent,6323,45.53966322230556,-73.63447487354279,19
Bixi_MTL,America/Montreal,333,Faillon / St-Denis,6327,45.53986414068127,-73.62031280994415,23
Bixi_MTL,America/Montreal,334,Drolet / Gounod,6329,45.54095134225734,-73.62637460231781,23
Bixi_MTL,America/Montreal,335,de Gaspé / Jarry,6330,45.540780049797995,-73.63040059804916,7
Bixi_MTL,America/Montreal,336,Guizot / St-Denis,6331,45.543423548290185,-73.63246187567711,23
Bixi_MTL,America/Montreal,337,de Gaspé / de Liège,6332,45.54248521237199,-73.63634169101715,19
Bixi_MTL,America/Montreal,338,Leman / St-Hubert,6333,45.54776960515808,-73.63068759441376,15
Bixi_MTL,America/Montreal,339,St-Gérard / Jarry,6334,45.54426324703447,-73.62785920500754,19
Bixi_MTL,America/Montreal,340,du Rosaire / St-Hubert,6335,45.54481928225348,-73.6215104162693,23
Bixi_MTL,America/Montreal,341,Faillon / St-Hubert,6336,45.54297175887712,-73.61793905496597,15
Bixi_MTL,America/Montreal,342,de Chateaubriand / Jarry,6338,45.545841561840085,-73.62665355205536,15
Bixi_MTL,America/Montreal,343,Harvard / de Monkland,6339,45.474565185029945,-73.62403571605682,19
Bixi_MTL,America/Montreal,344,de la Roche / Everett,6340,45.544867,-73.614841,15
Bixi_MTL,America/Montreal,345,Regina / de Verdun,6341,45.467369,-73.570769,23
Bixi_MTL,America/Montreal,346,Marquette / Villeray,6343,45.55073975940279,-73.61529439687729,15
Bixi_MTL,America/Montreal,347,Louis-Hémon / Villeray,6345,45.55496126357668,-73.61073732376097,31
Bixi_MTL,America/Montreal,348,Nicolet / Sherbrooke,6346,45.54969542033443,-73.55464696884155,27
Bixi_MTL,America/Montreal,349,Métro St-Michel (Shaughnessy / St-Michel),6347,45.559199,-73.599658,15
Bixi_MTL,America/Montreal,350,Ryde / Charlevoix,6349,45.4757434,-73.5646007,27
Bixi_MTL,America/Montreal,351,Laprairie / Centre,6350,45.48059248038378,-73.56577813625336,19
Bixi_MTL,America/Montreal,355,St-Dominique / Gounod,6322,45.538737949470644,-73.62802147865295,15
Bixi_MTL,America/Montreal,356,St-Gérard / de Liège,6324,45.54614571399398,-73.63455131649971,11
Bixi_MTL,America/Montreal,357,de Gaspé / Villeray,6328,45.53888723230076,-73.62390697002411,15
Bixi_MTL,America/Montreal,358,Marcil / Sherbrooke,6354,45.471743,-73.613924,23
Bixi_MTL,America/Montreal,359,Ontario / Sicard,6355,45.55626186680846,-73.53744059801102,23
Bixi_MTL,America/Montreal,360,de Monkland / Girouard,6356,45.47710675189806,-73.6214379966259,11
Bixi_MTL,America/Montreal,361,12e avenue / St-Zotique,6357,45.5568667309625,-73.589306473732,23
Bixi_MTL,America/Montreal,362,1ère  avenue / St-Zotique,6358,45.551937362101,-73.59392791986465,15
Bixi_MTL,America/Montreal,363,St-Dominique / Ontario,6359,45.511601118087746,-73.56632050137705,23
Bixi_MTL,America/Montreal,364,Beaubien / 8e avenue,6360,45.553456845975276,-73.58784198760986,15
Bixi_MTL,America/Montreal,365,Molson / Beaubien,6361,45.54968589617967,-73.59115451574326,23
Bixi_MTL,America/Montreal,366,1ère avenue / Rosemont,6362,45.54779995287998,-73.58486741781235,15
Bixi_MTL,America/Montreal,367,de la Côte St-Antoine / Royal,6363,45.468926984877434,-73.6198702454567,19
Bixi_MTL,America/Montreal,368,de Chambly / Rachel,6364,45.54991069359101,-73.55826258659361,23
Bixi_MTL,America/Montreal,370,Wilderton  / Van Horne,6366,45.51014162409143,-73.6247518658638,15
Bixi_MTL,America/Montreal,371,3e avenue / Holt,6367,45.54800352985515,-73.58138993382454,19
Bixi_MTL,America/Montreal,372,10e avenue / Masson,6368,45.55037651450808,-73.57373356819151,27
Bixi_MTL,America/Montreal,373,U. Concordia - Campus Loyola (Sherbrooke / West Broadway),6369,45.45750908083069,-73.6394852399826,27
Bixi_MTL,America/Montreal,374,d'Orléans / Masson,6370,45.557192,-73.569847,23
Bixi_MTL,America/Montreal,375,5e avenue / Masson,6371,45.54755829901392,-73.5754719190845,27
Bixi_MTL,America/Montreal,376,1ère avenue / Masson,6372,45.5451997,-73.57645065,39
Bixi_MTL,America/Montreal,377,7e avenue / St-Joseph Rosemont,6373,45.54710817336986,-73.56936693191528,27
Bixi_MTL,America/Montreal,378,15e avenue / Masson,6374,45.55389801568004,-73.5713866353035,23
Bixi_MTL,America/Montreal,379,St-Philippe / St-Jacques,6375,45.47689074938472,-73.58811132615301,19
Bixi_MTL,America/Montreal,380,16e avenue / St-Joseph,6376,45.55293611277267,-73.56577143073082,23
Bixi_MTL,America/Montreal,381,Grand Trunk / d'Hibernia,6377,45.47968,-73.56385,23
Bixi_MTL,America/Montreal,383,de l'Église / Bannantyne,6379,45.4632535358533,-73.57587933540344,15
Bixi_MTL,America/Montreal,384,Parc J.-Arthur-Champagne (de Chambly / du Mont-Royal),6380,45.551584,-73.561916,19
Bixi_MTL,America/Montreal,385,Omer-Lavallée / du Midway,6381,45.5457759528664,-73.56217458844185,19
Bixi_MTL,America/Montreal,387,Rivier / Davidson,6384,45.54611471966362,-73.55709314346313,23
Bixi_MTL,America/Montreal,388,Métro Pie-IX (Pierre-de-Coubertin / Pie-IX),6396,45.55421375524564,-73.55155974626541,49
Bixi_MTL,America/Montreal,389,Parc Outremont (Bloomfield / Elmwood),6301,45.518309446368,-73.60328614711761,15
Bixi_MTL,America/Montreal,390,Parc Beaubien (Stuart / St-Viateur),6302,45.516078703024085,-73.60779762268066,11
Bixi_MTL,America/Montreal,391,Parc Pratt (Dunlop / Van Horne),6303,45.514947674964425,-73.61962616443634,15
Bixi_MTL,America/Montreal,392,Parc Joyce (Rockland / Lajoie),6304,45.515617,-73.614991,15
Bixi_MTL,America/Montreal,393,Davaar / de la Côte-Ste-Catherine,6305,45.514379,-73.610871,15
Bixi_MTL,America/Montreal,394,Métro Édouard-Montpetit (du Mont-Royal / Vincent-d'Indy),6306,45.510086,-73.611429,19
Bixi_MTL,America/Montreal,396,Gary-Carter / St-Laurent,6321,45.53589982664126,-73.62244248390198,39
Bixi_MTL,America/Montreal,397,St-Dominique / Jean-Talon,6344,45.53524809921431,-73.61756354570389,39
Bixi_MTL,America/Montreal,399,Lionel-Groulx / George-Vanier,6409,45.48621939184824,-73.5737469792366,27
Bixi_MTL,America/Montreal,401,Coloniale / Sherbrooke,6021,45.51368709353021,-73.56916531931347,31
Bixi_MTL,America/Montreal,403,Campus MIL (Outremont / Thérèse-Lavoie Roux),6066,45.52311432992147,-73.61815363168716,23
Bixi_MTL,America/Montreal,404,Prince-Arthur / St-Urbain,6218,45.51258740220925,-73.57373893260956,27
Bixi_MTL,America/Montreal,406,Parc Jean-Drapeau (Chemin Macdonald),6501,45.512800575819625,-73.5311159491539,27
Bixi_MTL,America/Montreal,407,Casino de Montréal,6502,45.5063732,-73.52457672,19
Bixi_MTL,America/Montreal,408,Métro Parc  (Hutchison / Ogilvy),6503,45.53035130173597,-73.6243924498558,33
Bixi_MTL,America/Montreal,409,La Ronde,6504,45.52156536710626,-73.53533238172531,23
Bixi_MTL,America/Montreal,413,de Melrose / Sherbrooke,6415,45.469819787448564,-73.61696138978003,15
Bixi_MTL,America/Montreal,414,de la Salle / Hochelaga,6417,45.55415230370231,-73.54749351739883,15
Bixi_MTL,America/Montreal,415,Paré / Mountain Sights,6418,45.49810026070624,-73.65294188261032,11
Bixi_MTL,America/Montreal,417,Cartier / Rosemont,6421,45.54124722370603,-73.59104454517365,19
Bixi_MTL,America/Montreal,418,Notre-Dame-de-Grâce / Décarie,6416,45.47735333523628,-73.61537218093872,15
Bixi_MTL,America/Montreal,419,Beaucourt / de la Côte-Ste-Catherine,6419,45.491513,-73.633649,23
Bixi_MTL,America/Montreal,421,Hôpital général juif (de la Côte Ste-Catherine / Légaré),6423,45.496302,-73.629822,19
Bixi_MTL,America/Montreal,422,Métro Snowdon (de Westbury / Queen-Mary),6420,45.48538473242346,-73.62814217805862,27
Bixi_MTL,America/Montreal,423,Fleury / Lajeunesse,6422,45.55357892880519,-73.66208285093306,15
Bixi_MTL,America/Montreal,424,Métro Crémazie (Crémazie / Lajeunesse),6410,45.54640752148169,-73.63842844963074,15
Bixi_MTL,America/Montreal,425,Complexe sportif Claude-Robillard,6412,45.553262,-73.638615,28
Bixi_MTL,America/Montreal,426,Place Phillips / Cathcart,6413,45.50363620284475,-73.56780052185059,27
Bixi_MTL,America/Montreal,427,Parc St-Henri (Laporte / Guay),6414,45.48013378575666,-73.58590811491013,15
Bixi_MTL,America/Montreal,428,Métro de l'Église (Ross / de l'Église),6425,45.462846046287325,-73.56592163443565,15
Bixi_MTL,America/Montreal,429,Métro Verdun (Willibrord / de Verdun),6426,45.459487694540734,-73.57209205627441,27
Bixi_MTL,America/Montreal,430,Métro Lasalle (de Rushbrooke / Caisse),6427,45.47069642604657,-73.56542240828276,23
Bixi_MTL,America/Montreal,431,Place du Commerce,6429,45.46714,-73.54259,33
Bixi_MTL,America/Montreal,432,Clark / Prince-Arthur,6411,45.5133025720765,-73.57296109199524,31
Bixi_MTL,America/Montreal,433,Berlioz / de l'Île des Soeurs,6428,45.45998577640931,-73.54395568370819,23
Bixi_MTL,America/Montreal,437,St-Hubert / St-Joseph,6281,45.528087917632654,-73.58586251735687,15
Bixi_MTL,America/Montreal,438,de Maisonneuve / Greene,6432,45.48697062,-73.58929306,19
Bixi_MTL,America/Montreal,439,Hillside / Ste-Catherine,6433,45.48282602624293,-73.59084337949753,15
Bixi_MTL,America/Montreal,440,Victoria / de Maisonneuve,6434,45.47742856483265,-73.60016942024231,15
Bixi_MTL,America/Montreal,441,Victoria Hall,6435,45.48129146961133,-73.6003303527832,15
Bixi_MTL,America/Montreal,442,de la Côte St-Antoine / Argyle,6436,45.48624101696415,-73.59572768211365,19
Bixi_MTL,America/Montreal,443,St-Charles / Montarville,5002,45.53368199320325,-73.51526074111462,15
Bixi_MTL,America/Montreal,444,Place Longueuil,5003,45.52841043752244,-73.51716578006744,15
Bixi_MTL,America/Montreal,445,St-Charles / Grant,5004,45.539824,-73.508752,11
Bixi_MTL,America/Montreal,446,St-Charles / St-Sylvestre,5005,45.53665587626281,-73.51223275076336,23
Bixi_MTL,America/Montreal,447,Collège Édouard-Montpetit (de Gentilly / de Normandie),5006,45.53722603812578,-73.49506705999374,19
Bixi_MTL,America/Montreal,448,Métro Longueuil - Université de Sherbrooke,5007,45.52331869398737,-73.52012693881989,31
Bixi_MTL,America/Montreal,452,St-Grégoire / St-André,6929,45.53147464147482,-73.59242051839828,19
Bixi_MTL,America/Montreal,453,Cité des Arts du Cirque (Paul Boutet / des Regrattiers),6930,45.55984236120471,-73.61544728279114,34
Bixi_MTL,America/Montreal,454,de la Salle / Ste-Catherine,6700,45.54996328646854,-73.53443384170531,19
Bixi_MTL,America/Montreal,455,Stanley / Sherbrooke,6701,45.50104110864491,-73.57717752456664,27
Bixi_MTL,America/Montreal,456,Métro Assomption (Chauveau / de l'Assomption),6702,45.569789,-73.548081,27
Bixi_MTL,America/Montreal,457,Jardin Botanique (Pie-IX / Sherbrooke),6703,45.554946972033726,-73.55529472231865,28
Bixi_MTL,America/Montreal,458,19e avenue / St-Zotique,6704,45.561594,-73.585643,31
Bixi_MTL,America/Montreal,459,5e avenue / Bannantyne,6705,45.456365,-73.57614,15
Bixi_MTL,America/Montreal,460,Beatty / de Verdun,6706,45.450729976972944,-73.5725748538971,23
Bixi_MTL,America/Montreal,461,Métro Jolicoeur (de Sève / Drake),6707,45.45608545783109,-73.58193710446358,19
Bixi_MTL,America/Montreal,462,de Bleury / de Maisonneuve,6708,45.507096455662456,-73.56844156980515,18
Bixi_MTL,America/Montreal,463,Le Caron / Marc-Sauvalle,6709,45.46176500743515,-73.5842116177082,23
Bixi_MTL,America/Montreal,464,Chambord / Fleury,6710,45.55982811984724,-73.65832507610321,15
Bixi_MTL,America/Montreal,465,Mozart / Waverly,6711,45.53156506506913,-73.61694641416761,15
Bixi_MTL,America/Montreal,466,LaSalle / Crawford,6712,45.43791380065227,-73.58274042606354,15
Bixi_MTL,America/Montreal,467,29e avenue / St-Zotique,6713,45.56776565172907,-73.57968807220459,15
Bixi_MTL,America/Montreal,468,LaSalle / 80e avenue,6714,45.41576870207054,-73.63792419433594,31
Bixi_MTL,America/Montreal,469,Natatorium (LaSalle / Rolland),6715,45.44454701497536,-73.57509076595306,27
Bixi_MTL,America/Montreal,470,Francis / Fleury,6716,45.56387237463668,-73.6555677652359,19
Bixi_MTL,America/Montreal,471,de Kent / Victoria,6717,45.49456403292622,-73.63870203495026,19
Bixi_MTL,America/Montreal,472,Grand Boulevard / Sherbrooke,6718,45.466569,-73.623295,19
Bixi_MTL,America/Montreal,473,Park Row O / Sherbrooke,6719,45.46072936353252,-73.63407254219055,15
Bixi_MTL,America/Montreal,474,Ontario / Viau,6720,45.5594818,-73.535496,19
Bixi_MTL,America/Montreal,475,Métro Cadillac (de Cadillac / Sherbrooke),6721,45.5769632283486,-73.54683637619019,19
Bixi_MTL,America/Montreal,476,de la Pépinière / Pierre-de-Coubertin,6722,45.57625919380675,-73.53831231594086,23
Bixi_MTL,America/Montreal,477,26e avenue / Beaubien,6723,45.564944,-73.577639,15
Bixi_MTL,America/Montreal,478,Léa-Roback / Sir-Georges-Etienne-Cartier,6724,45.47166862589184,-73.582643866539,35
Bixi_MTL,America/Montreal,479,Métro Monk (Allard / Beaulieu),6725,45.451030919298056,-73.5939010977745,15
Bixi_MTL,America/Montreal,480,Hamel / Sauvé,6726,45.56076192837154,-73.6505614221096,27
Bixi_MTL,America/Montreal,481,Richardson / de Montmorency,6727,45.48498016481593,-73.56033325195312,31
Bixi_MTL,America/Montreal,482,d'Outremont / Ogilvy,6728,45.52687028194893,-73.62672328948975,19
Bixi_MTL,America/Montreal,483,St-André / Ste-Catherine,6729,45.516426545782224,-73.5581123828888,15
Bixi_MTL,America/Montreal,484,35e avenue / Beaubien,6730,45.570081,-73.573047,31
Bixi_MTL,America/Montreal,485,de Normanville / Villeray,6733,45.54716975001593,-73.61804097890854,23
Bixi_MTL,America/Montreal,486,Fortune / Wellington,6732,45.477923,-73.559038,27
Bixi_MTL,America/Montreal,487,28e avenue / Rosemont,6731,45.564353,-73.571244,19
Bixi_MTL,America/Montreal,489,St-Gérard / Villeray,6734,45.542645359900824,-73.62244449555874,15
Bixi_MTL,America/Montreal,490,Métro Henri-Bourassa (Henri-Bourassa / Millen),6736,45.55675103297278,-73.66716161370277,16
Bixi_MTL,America/Montreal,491,Jacques-Casault / Christophe-Colomb,6737,45.552123,-73.630103,31
Bixi_MTL,America/Montreal,492,Villeray / St-Michel,6735,45.56105928295798,-73.6039674282074,15
Bixi_MTL,America/Montreal,493,Union / René-Lévesque,6738,45.50235036136798,-73.56658279895781,39
Bixi_MTL,America/Montreal,495,Pierre-de-Coubertin / Langelier,6739,45.580314546424674,-73.5353136062622,19
Bixi_MTL,America/Montreal,496,Canning / Notre-Dame,6741,45.486318644010225,-73.5702332854271,23
Bixi_MTL,America/Montreal,497,St-Patrick / Briand,6742,45.46339729163665,-73.59643578529356,17
Bixi_MTL,America/Montreal,498,St-Marc / Sherbrooke,6743,45.494514,-73.583368,13
Bixi_MTL,America/Montreal,499,Hamilton / Jolicoeur,6744,45.45670282849069,-73.59764268636354,15
Bixi_MTL,America/Montreal,500,Bloomfield / Jean-Talon,6745,45.52746031240825,-73.6241751909256,15
Bixi_MTL,America/Montreal,501,Métro Acadie (de l'Acadie / Beaumont),6746,45.52357479400008,-73.62344294786453,21
Bixi_MTL,America/Montreal,502,Waverly / St-Zotique,6747,45.53050525974957,-73.61470833420753,15
Bixi_MTL,America/Montreal,503,Young / Wellington,6748,45.49282530947313,-73.55797827243805,27
Bixi_MTL,America/Montreal,504,St-Jacques / St-Laurent,6749,45.50642115207643,-73.55646550655365,15
Bixi_MTL,America/Montreal,505,de Mentana / Gilford,6750,45.52872356043453,-73.58385890722275,19
Bixi_MTL,America/Montreal,508,Hutchison / Beaubien,6752,45.52605851018324,-73.61296892166138,26
Bixi_MTL,America/Montreal,511,Centre ÉPIC (St-Zotique / 40e avenue),6753,45.57414703721992,-73.57462137937546,23
Bixi_MTL,America/Montreal,512,Dubois / Eadie,6754,45.45759682462104,-73.59052859581423,23
Bixi_MTL,America/Montreal,514,Ball / Querbes,7001,45.531177514650885,-73.6321359872818,19
Bixi_MTL,America/Montreal,515,Tolhurst / Fleury,7002,45.54407915308118,-73.66735741496086,19
Bixi_MTL,America/Montreal,516,Métro Guy-Concordia (Guy / St-Catherine),7003,45.49498148219463,-73.57773274183273,31
Bixi_MTL,America/Montreal,517,Émile-Journault / de Chateaubriand,7004,45.54983321292286,-73.64063255488873,31
Bixi_MTL,America/Montreal,518,Marquette / Fleury,7005,45.56735205736566,-73.65378744900227,15
Bixi_MTL,America/Montreal,519,St-Urbain / Fleury,7006,45.54698190874924,-73.66596668958664,23
Bixi_MTL,America/Montreal,520,Kirkfield / de Chambois,7007,45.51293324107222,-73.63389015197754,27
Bixi_MTL,America/Montreal,521,Garnier / Everett,7008,45.54762473418251,-73.61202478408813,15
Bixi_MTL,America/Montreal,522,Place Émilie-Gamelin (St-Hubert / de Maisonneuve),7009,45.51590134450289,-73.55994835495949,19
Bixi_MTL,America/Montreal,523,Coolbrook / Queen-Mary,7010,45.48285235405571,-73.63034427165985,22
Bixi_MTL,America/Montreal,524,Plessis / Ste-Catherine,7011,45.52061257170704,-73.55444312095642,23
Bixi_MTL,America/Montreal,525,St-Hubert / René-Lévesque,7012,45.514380791765056,-73.55639487526787,23
Bixi_MTL,America/Montreal,526,Benny / Sherbrooke,7013,45.4648769981855,-73.62659722566605,19
Bixi_MTL,America/Montreal,527,Métro Université de Montréal (Édouard-Montpetit / Louis-Collin),7014,45.50363996257211,-73.6182689666748,26
Bixi_MTL,America/Montreal,528,Parc des Rapides (LaSalle / 6e avenue),7015,45.42947143740888,-73.59309915918857,23
Bixi_MTL,America/Montreal,529,Métro Langelier (Langelier / Sherbrooke),7016,45.58284663189181,-73.54247644543648,19
Bixi_MTL,America/Montreal,530,Bennett / Ste-Catherine,7017,45.55305326642512,-73.53242754936218,23
Bixi_MTL,America/Montreal,531,Valois / Ste-Catherine,7018,45.54522973039872,-73.53725016117096,19
Bixi_MTL,America/Montreal,532,Casgrain / St-Viateur,7019,45.52751292628879,-73.59879076480864,23
Bixi_MTL,America/Montreal,533,St-Germain / Hochelaga,7020,45.5436987529516,-73.55367332696915,15
Bixi_MTL,America/Montreal,534,Dollard / Van Horne,7021,45.51915286772737,-73.61646920442581,23
Bixi_MTL,America/Montreal,535,Durocher / Bernard,7022,45.52222528598142,-73.60668718814848,15
Bixi_MTL,America/Montreal,536,8e avenue / Jarry,7023,45.561690269046075,-73.61051201820374,15
Bixi_MTL,America/Montreal,537,Métro Laurier (Berri / St-Joseph),7024,45.52723106564012,-73.58672618865965,18
Bixi_MTL,America/Montreal,538,Alexandra / Jean-Talon,7042,45.532330645908054,-73.62018674612045,15
Bixi_MTL,America/Montreal,539,St-Dominique / Bernard,7025,45.52793332015246,-73.60122251338906,23
Bixi_MTL,America/Montreal,540,Maguire / Henri-Julien,7026,45.527041096087785,-73.59347056655677,19
Bixi_MTL,America/Montreal,541,Terrasse Guindon / Fullum,7027,45.537114135456825,-73.56913894414902,15
Bixi_MTL,America/Montreal,542,de Gaspé / St-Viateur,7028,45.52774827884841,-73.59743893146515,23
Bixi_MTL,America/Montreal,543,Cartier / Masson,7029,45.5380207402854,-73.58352363109587,19
Bixi_MTL,America/Montreal,544,de Bordeaux / Marie-Anne,7030,45.53340912723174,-73.57065707445145,11
Bixi_MTL,America/Montreal,545,Berri / Rachel,7031,45.52287768023207,-73.57748061418532,15
Bixi_MTL,America/Montreal,546,Drolet / Laurier,7032,45.526251876092516,-73.58975838928018,27
Bixi_MTL,America/Montreal,547,Aylmer / Prince-Arthur,7033,45.508566869474386,-73.57769787311554,19
Bixi_MTL,America/Montreal,548,Atwater / Greene,7034,45.480495143306044,-73.57782661914825,25
Bixi_MTL,America/Montreal,549,Fullum / Gilford,7035,45.53922374455291,-73.57383679656778,15
Bixi_MTL,America/Montreal,550,Labadie / du Parc,7036,45.5198946757576,-73.59682738780975,15
Bixi_MTL,America/Montreal,551,Hutchison / Sherbrooke,7037,45.507843547809316,-73.57209607958794,23
Bixi_MTL,America/Montreal,552,Guilbault / Clark,7038,45.514107949601446,-73.57523024082184,19
Bixi_MTL,America/Montreal,553,du Mont-Royal / Augustin-Frigon,7039,45.543763151117474,-73.56772005558014,23
Bixi_MTL,America/Montreal,554,St-Urbain / Jean-Talon,7040,45.533505445347686,-73.61908491711802,19
Bixi_MTL,America/Montreal,555,Grand Boulevard / de Terrebonne,7041,45.470535000953966,-73.63165721297264,27
Bixi_MTL,America/Montreal,556,Ernest-Gendreau / du Mont-Royal,7043,45.549713734001415,-73.56384828686714,23
Bixi_MTL,America/Montreal,557,Hôpital Santa Cabrini (St-Zotique / Jeanne-Jugan),7044,45.5793249650848,-73.5705041885376,15
Bixi_MTL,America/Montreal,558,Casgrain / Mozart,7045,45.53472725603326,-73.6147928237915,15
Bixi_MTL,America/Montreal,559,de Maisonneuve / Mansfield (nord),7046,45.502386079583346,-73.57333794236183,19
Bixi_MTL,America/Montreal,560,Eleanor / Ottawa,7047,45.4924626528527,-73.56078386306763,31
Bixi_MTL,America/Montreal,561,Métro Angrignon (Lamont /  des Trinitaires),7048,45.44705915105563,-73.60229507088661,27
Bixi_MTL,America/Montreal,562,Union / de Maisonneuve,7049,45.50456182251316,-73.57083544135094,35
Bixi_MTL,America/Montreal,563,Ottawa / William,7050,45.48972725318433,-73.56406286358833,11
Bixi_MTL,America/Montreal,564,Jogues / Allard,7051,45.450020323797766,-73.60030621290207,23
Bixi_MTL,America/Montreal,565,Shearer / Centre,7052,45.4828250990486,-73.56206325352105,23
Bixi_MTL,America/Montreal,566,Ropery / Augustin-Cantin,7053,45.48091406771754,-73.56846034526825,3
Bixi_MTL,America/Montreal,567,de la Côte St-Paul / St-Ambroise,7054,45.467665653865964,-73.59391784324544,35
Bixi_MTL,America/Montreal,568,Rose-de-Lima / Notre-Dame,7055,45.479950265560184,-73.5805356502533,27
Bixi_MTL,America/Montreal,569,Bibliothèque de Verdun (Brown / Bannantyne),7056,45.44826204820947,-73.57785612344742,15
Bixi_MTL,America/Montreal,570,2e avenue / Wellington,7057,45.45789352611307,-73.56752824096475,19
Bixi_MTL,America/Montreal,571,Gordon / Wellington,7058,45.461077990108386,-73.56730699539183,15
Bixi_MTL,America/Montreal,572,Argyle / de Verdun,7059,45.45301583620112,-73.57191503047943,23
Bixi_MTL,America/Montreal,573,de l'Église / de Verdun,7060,45.46300108733155,-73.57156895217486,19
Bixi_MTL,America/Montreal,574,de Castelnau / Lajeunesse,7061,45.540396208099985,-73.61681789159775,15
Bixi_MTL,America/Montreal,575,William / Robert-Bourassa,7062,45.49716534003792,-73.55933010578154,21
Bixi_MTL,America/Montreal,576,Drolet / Jarry,7063,45.54195463236575,-73.62994194030762,19
Bixi_MTL,America/Montreal,577,Clark / de Liège,7064,45.539983846015616,-73.6381347477436,23
Bixi_MTL,America/Montreal,578,de Lanaudière / Bélanger,7065,45.54365085053057,-73.60565051436424,23
Bixi_MTL,America/Montreal,579,St-Urbain / de la Gauchetière,7066,45.50707812811467,-73.56139540672302,43
Bixi_MTL,America/Montreal,580,City Councillors / du President-Kennedy,7067,45.50625103256782,-73.57139065861702,31
Bixi_MTL,America/Montreal,581,des Bassins / Richmond,7068,45.48769907713059,-73.56489300727844,31
Bixi_MTL,America/Montreal,582,Jeanne-Mance / René-Lévesque,7069,45.5063713381299,-73.5642009973526,66
Bixi_MTL,America/Montreal,583,Bourgeoys / Favard,7070,45.47993042065731,-73.55592101812363,23
Bixi_MTL,America/Montreal,584,St-Mathieu / Sherbrooke,7071,45.495789104811756,-73.58259558677672,15
Bixi_MTL,America/Montreal,585,Beaudry / Sherbrooke,7072,45.52303493310712,-73.56539458036421,15
Bixi_MTL,America/Montreal,586,Logan / de Champlain,7073,45.5231943285584,-73.55584256350994,19
Bixi_MTL,America/Montreal,587,St-André / Robin,7074,45.518128086513194,-73.56185138225555,19
Bixi_MTL,America/Montreal,588,CIUSSS (du Trianon / Pierre-de-Coubertin),7075,45.587192010846486,-73.53139221668242,31
Bixi_MTL,America/Montreal,589,Tupper / du Fort,7076,45.49122961531575,-73.58078241348267,19
Bixi_MTL,America/Montreal,590,Jean Langlois / Fullum,7077,45.526499983000186,-73.54575277422555,27
Bixi_MTL,America/Montreal,591,Hochelaga / Chapleau,7078,45.53445294687473,-73.55965197086334,23
Bixi_MTL,America/Montreal,592,Notre-Dame / Gauvin,7079,45.50010529681542,-73.56019914150238,19
Bixi_MTL,America/Montreal,593,du President-Kennedy / Union,7080,45.505102242483595,-73.57187882065773,23
Bixi_MTL,America/Montreal,594,de Maisonneuve / Berri,7081,45.51566980408714,-73.56100916862488,27
Bixi_MTL,America/Montreal,595,Jeanne-d'Arc / Ontario,4000,45.54959767887176,-73.54187428951263,19
Bixi_MTL,America/Montreal,605,Graham / Brookfield,4001,45.52022241072457,-73.62985610961914,23
Bixi_MTL,America/Montreal,606,Graham / Wicksteed,4002,45.51693654712809,-73.64048302173615,19
Bixi_MTL,America/Montreal,607,Arcand / Sherbrooke,7082,45.58512398718737,-73.54121178388596,19
Bixi_MTL,America/Montreal,608,McTavish / Sherbrooke,7084,45.502812816508936,-73.57602417469025,15
Bixi_MTL,America/Montreal,609,Parc de Bullion (de Bullion / Prince-Arthur),7083,45.515604257816335,-73.57213497161865,19
Bixi_MTL,America/Montreal,610,Centre récréatif Édouard-Rivet,7085,45.6283010841194,-73.50024908781052,19
Bixi_MTL,America/Montreal,611,Parc de l'Hôtel-de-Ville (Ste-Marie / Ste-Julie),7086,45.629252992013996,-73.49545061588287,19
Bixi_MTL,America/Montreal,612,René-Lévesque / 9e avenue,7087,45.6407393230177,-73.50082576274872,23
Bixi_MTL,America/Montreal,613,du Tricentenaire / de Montigny,7088,45.65140583915357,-73.50041270256041,19
Bixi_MTL,America/Montreal,614,du Tricentenaire / Prince-Albert,7089,45.64954588445726,-73.49191546440125,23
Bixi_MTL,America/Montreal,617,de St-Firmin / Fleury,7090,45.57065664170425,-73.65184217691422,31
Bixi_MTL,America/Montreal,618,Fleury / André-Jobin,7091,45.57600034155425,-73.64676475524902,23
Bixi_MTL,America/Montreal,619,Gare Bois-de-Boulogne,7092,45.53972553109637,-73.67716491222382,31
Bixi_MTL,America/Montreal,620,Laforest / Dudemaine,7093,45.539806548176045,-73.6872661113739,23
Bixi_MTL,America/Montreal,621,Alfred Laliberté / de Poutrincourt,7094,45.53308032414161,-73.6945965886116,23
Bixi_MTL,America/Montreal,622,Chabanel / de l'Esplanade,7095,45.540685517278774,-73.65337640047073,15
Bixi_MTL,America/Montreal,623,Chabanel / du Parc,7096,45.53830765459552,-73.6548838019371,30
Bixi_MTL,America/Montreal,624,Bélanger / des Galeries d'Anjou,7097,45.59722114932571,-73.56279015541077,23
Bixi_MTL,America/Montreal,625,Vezina / Victoria,7099,45.49704689488635,-73.64321619272232,23
Bixi_MTL,America/Montreal,626,Parc d'Antioche (Place d'Antioche / St-Zotique),7098,45.59535188887634,-73.55858981609344,23
Bixi_MTL,America/Montreal,627,des Jockeys / Décarie,7100,45.49404432109336,-73.65449488162994,19
Bixi_MTL,America/Montreal,628,Métro de la Savane (de Sorel / Bougainville),7101,45.500450948002225,-73.66142839193344,23
Bixi_MTL,America/Montreal,629,Graham / Kindersley,7102,45.514049985423114,-73.64725559949873,23
Bixi_MTL,America/Montreal,630,St-Joseph / 8e avenue Lachine,7103,45.43147138678842,-73.67120504379272,31
Bixi_MTL,America/Montreal,631,8e avenue / Notre-Dame Lachine,7104,45.43498715540587,-73.67079868912697,23
Bixi_MTL,America/Montreal,632,St-Joseph / 34e avenue Lachine,7105,45.432839840726125,-73.69349151849747,27
Bixi_MTL,America/Montreal,633,Victoria / 18e avenue Lachine,7106,45.43579350588776,-73.6801904439926,15
Bixi_MTL,America/Montreal,634,18e avenue / St-Joseph Lachine,7107,45.43297673989771,-73.68081535219972,19
Bixi_MTL,America/Montreal,635,Gagne / LaSalle,7108,45.422451407155854,-73.601194024086,31
Bixi_MTL,America/Montreal,636,Cégep André-Laurendeau,7109,45.43566446235294,-73.60565185546875,22
Bixi_MTL,America/Montreal,637,LaSalle / 37e avenue,7110,45.41631023854958,-73.61291594803333,31
Bixi_MTL,America/Montreal,638,Parc Highlands (Highlands / LaSalle),7111,45.42612352042827,-73.65741580724716,27
Bixi_MTL,America/Montreal,639,Newman / Senkus,7112,45.44404309237571,-73.61375212669373,19
Bixi_MTL,America/Montreal,640,Casgrain / Maguire,7113,45.52593260934618,-73.59525293111801,15
Bixi_MTL,America/Montreal,641,Murray / Wellington,7114,45.49214718348848,-73.55798363685608,19
Bixi_MTL,America/Montreal,642,Métro Radisson (Sherbrooke / des Groseilliers),7115,45.58917500418707,-73.53965610265732,15
Bixi_MTL,America/Montreal,643,Métro Honoré-Beaugrand (Sherbrooke / Honoré-Beaugrand),7116,45.5967964774917,-73.53517949581145,23
Bixi_MTL,America/Montreal,644,François-Boivin / Bélanger,7117,45.59259615276133,-73.56617510318756,27
Bixi_MTL,America/Montreal,645,Tellier / des Futailles,7118,45.58600999065885,-73.52183818817139,19
Bixi_MTL,America/Montreal,646,Notre-Dame / Liébert,7119,45.59280261038491,-73.51046562194824,31
Bixi_MTL,America/Montreal,647,Bennett / Pierre-de-Coubertin,7120,45.5581596605471,-73.54840010404587,19
Bixi_MTL,America/Montreal,648,Liébert / Hochelaga,7121,45.59587457490178,-73.52352797985077,27
Bixi_MTL,America/Montreal,649,de Belleville / Fleury,7122,45.58116002977833,-73.64124342799187,23
Bixi_MTL,America/Montreal,650,des Récollets / Martial,7123,45.59089190991344,-73.64061713218689,27
Bixi_MTL,America/Montreal,651,Dollard / Bernard,7124,45.51678269880724,-73.61142262816429,23
Bixi_MTL,America/Montreal,652,Rosemont / Viau,7125,45.56833021674857,-73.56666326522826,23
Bixi_MTL,America/Montreal,653,41e avenue / Rosemont,7126,45.57178977666956,-73.56431499123573,23
Bixi_MTL,America/Montreal,654,Jeanne-Mance / Beaubien,7127,45.527650097960205,-73.61229971051216,15
Bixi_MTL,America/Montreal,656,de l'Eglise / St-Germain,7129,45.51255920872999,-73.67701068520546,31
Bixi_MTL,America/Montreal,657,Métro du Collège (Cartier / Décarie),7130,45.50843904979172,-73.6729645729065,17
Bixi_MTL,America/Montreal,658,Bibliothèque du Boisé (Thimens / Todd),7131,45.504008610460644,-73.70441749691963,27
Bixi_MTL,America/Montreal,659,Ste-Croix / Tassé,7132,45.519492499678165,-73.6851042509079,3
Bixi_MTL,America/Montreal,660,Thimens / Alexis-Nihon,7133,45.50897852206792,-73.69856357574463,27
Bixi_MTL,America/Montreal,661,O'Brien / Poirier,7134,45.52246015438048,-73.69156435132027,3
Bixi_MTL,America/Montreal,662,Poirier / Cavendish,7135,45.5052210623364,-73.71079400192684,23
Bixi_MTL,America/Montreal,663,Beaudet / Marcel-Laurin,7136,45.50684315902468,-73.68175685405731,27
Bixi_MTL,America/Montreal,664,de Lisieux / Jean-Talon,7137,45.57934937043077,-73.58168095350266,23
Bixi_MTL,America/Montreal,665,Dumesnil / Bélanger,7138,45.587777966914885,-73.56935352087021,19
Bixi_MTL,America/Montreal,666,Glengarry / Graham,7139,45.50918998627081,-73.66032063961029,15
Bixi_MTL,America/Montreal,667,St-Jacques / des Seigneurs,7140,45.489185716082275,-73.57190027832984,55
Bixi_MTL,America/Montreal,668,Turgeon / Notre-Dame,7141,45.478888528072076,-73.58198940753937,19
Bixi_MTL,America/Montreal,669,Elgar / de l'Île-des-Sœurs,7142,45.45682318753668,-73.546804189682,14
Bixi_MTL,America/Montreal,670,LaSalle / Godin,7143,45.44693448484644,-73.57219934463501,27
Bixi_MTL,America/Montreal,671,Hickson / Wellington,7144,45.46489251773306,-73.56699787080288,15
Bixi_MTL,America/Montreal,672,Argyle / Bannantyne,7145,45.453318765468914,-73.5767751932144,15
Bixi_MTL,America/Montreal,673,Lusignan / St-Jacques,7146,45.492222393331566,-73.56934815645218,23
Bixi_MTL,America/Montreal,674,Métro de Castelnau (de Castelnau / St-Laurent),7147,45.53570881624427,-73.61962348222733,23
Bixi_MTL,America/Montreal,675,Papineau / Émile-Journault,7148,45.55988367688166,-73.63356828689575,35
Bixi_MTL,America/Montreal,676,16e avenue / Jean-Talon,7149,45.56244008398078,-73.59533339738846,11
Bixi_MTL,America/Montreal,681,Melville / de Maisonneuve,6437,45.48184019359366,-73.59537899494171,15
Bixi_MTL,America/Montreal,682,du Souvenir / Chomedey,7150,45.55188644388879,-73.74444007873535,15
Bixi_MTL,America/Montreal,683,Métro Montmorency (de l'Avenir / Jacques-Tétreault),7151,45.558108953383545,-73.71959745883942,19
Bixi_MTL,America/Montreal,684,Parc St-Claude (7e avenue / 8e rue),7152,45.56266824826759,-73.6923623085022,27
Bixi_MTL,America/Montreal,685,Métro Cartier (des Laurentides / Cartier),7153,45.56002974868339,-73.68133574724197,19
Bixi_MTL,America/Montreal,686,Robin / 15e rue,8080,45.559495502858624,-73.6989176273346,15
Bixi_MTL,America/Montreal,687,Legrand / Cartier,8081,45.552535045101045,-73.70748996734619,15
Bixi_MTL,America/Montreal,688,8082,8082,0.0,0.0,0
Bixi_MTL,America/Montreal,692,de Gaspé / Marmier,8056,45.529538523269586,-73.60134690999985,21
Bixi_MTL,America/Montreal,693,Cégep Marie-Victorin,8052,45.617499783128075,-73.60601127147675,11
Bixi_MTL,America/Montreal,694,O'Brien / Forbes,8012,45.53457777179899,-73.71020168066025,15
Bixi_MTL,America/Montreal,695,Parc du Mall (Cholet / Honoré-Beaugrand),8015,45.599843416440486,-73.54470133781433,19
Bixi_MTL,America/Montreal,696,Parc Van Horne (de la Peltrie / de Westbury),8017,45.4905688112518,-73.63859474658965,15
Bixi_MTL,America/Montreal,697,de Courcelle / St-Jacques,8040,45.47506630756987,-73.59339818358421,0
Bixi_MTL,America/Montreal,698,Pierre-Bédard / Bossuet,8044,45.57917102342735,-73.55619728565216,1
Bixi_MTL,America/Montreal,699,Gouin / Henri-d'Arles,8010,45.526812030198506,-73.73033165931702,1
Bixi_MTL,America/Montreal,700,Parc nature de l'Île-de-la-Visitation (Gouin / Bruchési),8011,45.57827083174878,-73.65595132112503,19
Bixi_MTL,America/Montreal,701,Parc Henri-Julien (Legendre / Henri-Julien),8013,45.5460355901214,-73.6465984582901,19
Bixi_MTL,America/Montreal,702,Parc Georges St-Pierre (Oxford / Upper Lachine),8018,45.468888541469255,-73.60928356647491,1
Bixi_MTL,America/Montreal,703,Fielding / West Hill,8019,45.471881993586074,-73.64002168178558,0
Bixi_MTL,America/Montreal,704,Souligny / Desmarteau,8045,45.604620837709874,-73.51599633693695,15
Bixi_MTL,America/Montreal,705,des Ormeaux / de Grosbois,8042,45.605901731906485,-73.53436946868896,15
Bixi_MTL,America/Montreal,706,Clanranald / Isabella,8020,45.48268498417916,-73.6348557472229,15
Bixi_MTL,America/Montreal,707,Parc Reine-Élizabeth (Penniston / Crawford),8065,45.43914465255811,-73.59173655509949,1
Bixi_MTL,America/Montreal,708,Quai 5160 (LaSalle / Desmarchais),8064,45.45390313835997,-73.56491446495056,3
Bixi_MTL,America/Montreal,709,Champdoré / de Lille,8072,45.569166521518326,-73.6363685131073,1
Bixi_MTL,America/Montreal,710,Plage,8066,45.4989711277239,-73.52288693189621,2
Bixi_MTL,America/Montreal,711,Somerled / Doherty,8021,45.46002299127313,-73.64444196224213,3
Bixi_MTL,America/Montreal,712,Christophe-Colomb / Jarry,8076,45.54809245242332,-73.62426102161407,3
Bixi_MTL,America/Montreal,713,Champdoré / de Lorimier,8077,45.566869345371856,-73.64101678133011,3
Bixi_MTL,America/Montreal,715,8057,8057,0.0,0.0,3
Bixi_MTL,America/Montreal,716,8059,8059,0.0,0.0,3
Bixi_MTL,America/Montreal,717,Place Rodolphe-Rousseau (Gohier / Édouard-Laurin),8068,45.5129938566323,-73.68249848484993,3
Bixi_MTL,America/Montreal,718,Molson / William-Tremblay,8053,45.54154850456526,-73.56501236557959,15
Bixi_MTL,America/Montreal,719,8029,8029,0.0,0.0,3
Bixi_MTL,America/Montreal,720,Parc Painter (Marcotte / Quenneville),8062,45.52866760066838,-73.67714881896971,3
Bixi_MTL,America/Montreal,721,8025,8025,0.0,0.0,3
Bixi_MTL,America/Montreal,722,8027,8027,0.0,0.0,3
Bixi_MTL,America/Montreal,725,8037,8037,0.0,0.0,2
Bixi_MTL,America/Montreal,726,8041,8041,0.0,0.0,2
Bixi_MTL,America/Montreal,727,8061,8061,0.0,0.0,2
Bixi_MTL,America/Montreal,728,Parc St-Laurent (Salk / Henri-Bourassa),8047,45.605532539957835,-73.62802416086197,19
Bixi_MTL,America/Montreal,729,8063,8063,0.0,0.0,0
Bixi_MTL,America/Montreal,730,8028,8028,0.0,0.0,2
Bixi_MTL,America/Montreal,732,8030,8030,0.0,0.0,3
Bixi_MTL,America/Montreal,733,8070,8070,0.0,0.0,0
Bixi_MTL,America/Montreal,734,8016,8016,0.0,0.0,3
Bixi_MTL,America/Montreal,735,8051,8051,0.0,0.0,0
Bixi_MTL,America/Montreal,736,8023,8023,0.0,0.0,2
Bixi_MTL,America/Montreal,737,Parc Langelier - Marie-Victorin (Marie-Victorin / Langelier),8048,45.614429764815,-73.61223332583904,15
Bixi_MTL,America/Montreal,738,8073,8073,0.0,0.0,3
Bixi_MTL,America/Montreal,739,Mairie d'arrondissement Montréal-Nord (Hébert / Place de l'Hôtel-de-Ville),8046,45.59394515191084,-73.63844454288483,15
Bixi_MTL,America/Montreal,740,Gare d'autocars de Montréal (Berri / Ontario),8071,45.516926210319546,-73.56425732374191,15
Bixi_MTL,America/Montreal,741,8035,8035,0.0,0.0,3
Bixi_MTL,America/Montreal,742,8032,8032,0.0,0.0,3
Bixi_MTL,America/Montreal,743,8050,8050,0.0,0.0,3
Bixi_MTL,America/Montreal,744,8031,8031,0.0,0.0,3
Bixi_MTL,America/Montreal,745,8026,8026,0.0,0.0,0
Bixi_MTL,America/Montreal,746,8038,8038,0.0,0.0,3
Bixi_MTL,America/Montreal,747,8039,8039,0.0,0.0,3
Bixi_MTL,America/Montreal,748,8034,8034,0.0,0.0,3
Bixi_MTL,America/Montreal,749,8033,8033,0.0,0.0,0
Bixi_MTL,America/Montreal,750,8055,8055,0.0,0.0,0
Bixi_MTL,America/Montreal,751,8054,8054,0.0,0.0,0
Bixi_MTL,America/Montreal,752,8036,8036,0.0,0.0,3
Bixi_MTL,America/Montreal,753,8067,8067,0.0,0.0,2
Bixi_MTL,America/Montreal,754,8024,8024,0.0,0.0,2
Bixi_MTL,America/Montreal,755,8078,8078,0.0,0.0,3
Bixi_MTL,America/Montreal,756,8074,8074,0.0,0.0,3
Bixi_MTL,America/Montreal,757,8075,8075,0.0,0.0,3
Bixi_MTL,America/Montreal,758,8049,8049,0.0,0.0,3
Bixi_MTL,America/Montreal,759,8014,8014,0.0,0.0,3
Bixi_MTL,America/Montreal,760,Ateliers municipaux de St-Laurent (Cavendish / Poirier),8069,45.506175841460966,-73.71118605136871,19
Bixi_MTL,America/Montreal,761,8079,8079,0.0,0.0,2
Bixi_MTL,America/Montreal,762,Tassé / Grenet,8022,45.51473429416659,-73.69144901633263,2
